Campaign,Ad Group,Keyword,Match Type,Status
WeReact — Search — Morocco,Web Design Marrakech (EN),website design marrakech,Exact,Enabled
WeReact — Search — Morocco,Web Design Marrakech (EN),web design marrakech,Exact,Enabled
WeReact — Search — Morocco,Web Design Marrakech (EN),website designer marrakech,Phrase,Enabled
WeReact — Search — Morocco,Web Design Marrakech (EN),web design agency marrakech,Phrase,Enabled
WeReact — Search — Morocco,Web Design Marrakech (EN),web agency marrakech,Exact,Enabled
WeReact — Search — Morocco,Web Design Morocco (EN),website design morocco,Phrase,Enabled
WeReact — Search — Morocco,Web Design Morocco (EN),web design morocco,Phrase,Enabled
WeReact — Search — Morocco,Web Design Morocco (EN),website designer morocco,Exact,Enabled
WeReact — Search — Morocco,Web Design Morocco (EN),web agency morocco,Phrase,Enabled
WeReact — Search — Morocco,Landing Pages / Business Sites (EN),business website design,Exact,Enabled
WeReact — Search — Morocco,Landing Pages / Business Sites (EN),landing page design morocco,Phrase,Enabled
WeReact — Search — Morocco,Landing Pages / Business Sites (EN),ecommerce website morocco,Phrase,Enabled
WeReact — Search — Morocco,Landing Pages / Business Sites (EN),small business website morocco,Phrase,Enabled
WeReact — Search — Morocco,Tourism & Riad Sites (EN),tourism website design morocco,Phrase,Enabled
WeReact — Search — Morocco,Tourism & Riad Sites (EN),riad website design,Phrase,Enabled
WeReact — Search — Morocco,Tourism & Riad Sites (EN),hotel website design morocco,Phrase,Enabled
WeReact — Search — Morocco,Création Site Web Marrakech (FR),création site web marrakech,Exact,Enabled
WeReact — Search — Morocco,Création Site Web Marrakech (FR),création site internet marrakech,Phrase,Enabled
WeReact — Search — Morocco,Création Site Web Marrakech (FR),agence web marrakech,Phrase,Enabled
WeReact — Search — Morocco,Création Site Web Marrakech (FR),conception site web marrakech,Phrase,Enabled
WeReact — Search — Morocco,Création Site Web Marrakech (FR),refonte site web marrakech,Phrase,Enabled
WeReact — Search — Morocco,Agence Web Maroc (FR),création site web maroc,Phrase,Enabled
WeReact — Search — Morocco,Agence Web Maroc (FR),agence web maroc,Phrase,Enabled
WeReact — Search — Morocco,Agence Web Maroc (FR),site vitrine maroc,Phrase,Enabled
WeReact — Search — Morocco,Agence Web Maroc (FR),création site internet maroc,Phrase,Enabled
WeReact — Search — Morocco,Agence Web Maroc (FR),refonte site web maroc,Phrase,Enabled
WeReact — Search — Morocco,Agence Web Maroc (FR),création site e-commerce maroc,Phrase,Enabled
WeReact — Search — Morocco,Agence Web Casablanca (FR),agence web casablanca,Exact,Enabled
WeReact — Search — Morocco,Agence Web Casablanca (FR),création site web casablanca,Phrase,Enabled
WeReact — Search — Morocco,Agence Web Casablanca (FR),création site internet casablanca,Phrase,Enabled
WeReact — Search — Morocco,Agence Web Casablanca (FR),agence création site web casablanca,Phrase,Enabled
